GKAM ID;GKAM Description;GKAM Email;KAM ID;KAM Description;KAM Email
GK14;Group Sales GK14;GK14@company.com;K14;Sales Customer K14;K14@company.com
GK14;Group Sales GK14;GK14@company.com;KA2;Sales Customer KA2;KA2@company.com
GK14;Group Sales GK14;GK14@company.com;KA3;Sales Customer KA3;KA3@company.com
GK14;Group Sales GK14;GK14@company.com;KA5;Sales Customer KA5;KA5@company.com
GK16;Group Sales GK16;GK16@company.com;K16;Sales Customer K16;K16@company.com
GK16;Group Sales GK16;GK16@company.com;KB2;Sales Customer KB2;KB2@company.com
GK10;Group Sales GK10;GK10@company.com;K10;Sales Customer K10;K10@company.com
GK17;Group Sales GK17;GK17@company.com;K10;Sales Customer K10;K10@company.com
GK17;Group Sales GK17;GK17@company.com;K17;Sales Customer K17;K17@company.com
GK17;Group Sales GK17;GK17@company.com;K30;Sales Customer K30;K30@company.com
GK17;Group Sales GK17;GK17@company.com;K67;Sales Customer K67;K67@company.com
GK18;Group Sales GK18;GK18@company.com;K18;Sales Customer K18;K18@company.com
GK19;Group Sales GK19;GK19@company.com;K19;Sales Customer K19;K19@company.com
GK26;Group Sales GK26;GK26@company.com;K26;Sales Customer K26;K26@company.com
GK26;Group Sales GK26;GK26@company.com;KA6;Sales Customer KA6;KA6@company.com
GK27;Group Sales GK27;GK27@company.com;K27;Sales Customer K27;K27@company.com
GK30;Group Sales GK30;GK30@company.com;K30;Sales Customer K30;K30@company.com
GK30;Group Sales GK30;GK30@company.com;K82;Sales Customer K82;K82@company.com
GK46;Group Sales GK46;GK46@company.com;K46;Sales Customer K46;K46@company.com
GK46;Group Sales GK46;GK46@company.com;K52;Sales Customer K52;K52@company.com
GK46;Group Sales GK46;GK46@company.com;KA3;Sales Customer KA3;KA3@company.com
GK46;Group Sales GK46;GK46@company.com;KA6;Sales Customer KA6;KA6@company.com
GK49;Group Sales GK49;GK49@company.com;K49;Sales Customer K49;K49@company.com
GK52;Group Sales GK52;GK52@company.com;K52;Sales Customer K52;K52@company.com
GK62;Group Sales GK62;GK62@company.com;K62;Sales Customer K62;K62@company.com
GK63;Group Sales GK63;GK63@company.com;K63;Sales Customer K63;K63@company.com
GK63;Group Sales GK63;GK63@company.com;K93;Sales Customer K93;K93@company.com
GK65;Group Sales GK65;GK65@company.com;K65;Sales Customer K65;K65@company.com
GK65;Group Sales GK65;GK65@company.com;KA7;Sales Customer KA7;KA7@company.com
GK65;Group Sales GK65;GK65@company.com;KA4;Sales Customer KA4;KA4@company.com
GK65;Group Sales GK65;GK65@company.com;KA5;Sales Customer KA5;KA5@company.com
GK65;Group Sales GK65;GK65@company.com;K16;Sales Customer K16;K16@company.com
GK67;Group Sales GK67;GK67@company.com;K67;Sales Customer K67;K67@company.com
GK67;Group Sales GK67;GK67@company.com;KA3;Sales Customer KA3;KA3@company.com
GK79;Group Sales GK79;GK79@company.com;K79;Sales Customer K79;K79@company.com
GK82;Group Sales GK82;GK82@company.com;K82;Sales Customer K82;K82@company.com
GK90;Group Sales GK90;GK90@company.com;K90;Sales Customer K90;K90@company.com
GK93;Group Sales GK93;GK93@company.com;K52;Sales Customer K52;K52@company.com
GK93;Group Sales GK93;GK93@company.com;K93;Sales Customer K93;K93@company.com
GK93;Group Sales GK93;GK93@company.com;K95;Sales Customer K95;K95@company.com
GK94;Group Sales GK94;GK94@company.com;K52;Sales Customer K52;K52@company.com
GK94;Group Sales GK94;GK94@company.com;K94;Sales Customer K94;K94@company.com
GK94;Group Sales GK94;GK94@company.com;KA8;Sales Customer KA8;KA8@company.com
GK95;Group Sales GK95;GK95@company.com;K95;Sales Customer K95;K95@company.com
GK96;Group Sales GK96;GK96@company.com;K96;Sales Customer K96;K96@company.com
GKA0;Group Sales GKA0;GKA0@company.com;KA0;Sales Customer KA0;KA0@company.com
GKA2;Group Sales GKA2;GKA2@company.com;KA2;Sales Customer KA2;KA2@company.com
GKA3;Group Sales GKA3;GKA3@company.com;KA3;Sales Customer KA3;KA3@company.com
GKA5;Group Sales GKA5;GKA5@company.com;KA5;Sales Customer KA5;KA5@company.com
GKA6;Group Sales GKA6;GKA6@company.com;KA2;Sales Customer KA2;KA2@company.com
GKA6;Group Sales GKA6;GKA6@company.com;KA6;Sales Customer KA6;KA6@company.com
GKA8;Group Sales GKA8;GKA8@company.com;KA8;Sales Customer KA8;KA8@company.com
GKA9;Group Sales GKA9;GKA9@company.com;KA9;Sales Customer KA9;KA9@company.com
GKB0;Group Sales GKB0;GKB0@company.com;KB0;Sales Customer KB0;KB0@company.com
GKB1;Group Sales GKB1;GKB1@company.com;KB1;Sales Customer KB1;KB1@company.com
GKB2;Group Sales GKB2;GKB2@company.com;KB2;Sales Customer KB2;KB2@company.com
GKB3;Group Sales GKB3;GKB3@company.com;KB3;Sales Customer KB3;KB3@company.com
GKB4;Group Sales GKB4;GKB4@company.com;KB4;Sales Customer KB4;KB4@company.com
GKB5;Group Sales GKB5;GKB5@company.com;KB5;Sales Customer KB5;KB5@company.com
GKB6;Group Sales GKB6;GKB6@company.com;KB6;Sales Customer KB6;KB6@company.com
GKC2;Group Sales GKC2;GKC2@company.com;KC2;Sales Customer KC2;KC2@company.com
GKC4;Group Sales GKC4;GKC4@company.com;KC4;Sales Customer KC4;KC4@company.com
GKC8;Group Sales GKC8;GKC8@company.com;KC8;Sales Customer KC8;KC8@company.com
GKC9;Group Sales GKC9;GKC9@company.com;KC9;Sales Customer KC9;KC9@company.com
GKD1;Group Sales GKD1;GKD1@company.com;KD1;Sales Customer KD1;KD1@company.com
GKD2;Group Sales GKD2;GKD2@company.com;KD2;Sales Customer KD2;KD2@company.com
GKD3;Group Sales GKD3;GKD3@company.com;KD3;Sales Customer KD3;KD3@company.com
GKD4;Group Sales GKD4;GKD4@company.com;KD4;Sales Customer KD4;KD4@company.com
GKD5;Group Sales GKD5;GKD5@company.com;KD5;Sales Customer KD5;KD5@company.com
GKD6;Group Sales GKD6;GKD6@company.com;KD6;Sales Customer KD6;KD6@company.com
GKD7;Group Sales GKD7;GKD7@company.com;KD7;Sales Customer KD7;KD7@company.com
GKD8;Group Sales GKD8;GKD8@company.com;KD8;Sales Customer KD8;KD8@company.com
GKD9;Group Sales GKD9;GKD9@company.com;KD9;Sales Customer KD9;KD9@company.com
GKE1;Group Sales GKE1;GKE1@company.com;KE1;Sales Customer KE1;KE1@company.com
GKE2;Group Sales GKE2;GKE2@company.com;KE2;Sales Customer KE2;KE2@company.com
GKE3;Group Sales GKE3;GKE3@company.com;KE3;Sales Customer KE3;KE3@company.com
GKE4;Group Sales GKE4;GKE4@company.com;KE4;Sales Customer KE4;KE4@company.com
GKE5;Group Sales GKE5;GKE5@company.com;KE5;Sales Customer KE5;KE5@company.com
GKE6;Group Sales GKE6;GKE6@company.com;KE6;Sales Customer KE6;KE6@company.com
GKE7;Group Sales GKE7;GKE7@company.com;KE7;Sales Customer KE7;KE7@company.com
GKE8;Group Sales GKE8;GKE8@company.com;KE8;Sales Customer KE8;KE8@company.com
GKE9;Group Sales GKE9;GKE9@company.com;KE9;Sales Customer KE9;KE9@company.com
GKNC;Group Sales GKNC;GKNC@company.com;KNC;Sales Customer KNC;KNC@company.com
GK67;Group Sales GK67;GK67@company.com;K52;Sales Customer K52;K52@company.com
GK90;Group Sales GK90;GK90@company.com;K52;Sales Customer K52;K52@company.com
GK96;Group Sales GK96;GK96@company.com;K52;Sales Customer K52;K52@company.com
GKD0;Group Sales GKD0;GKD0@company.com;KD0;Sales Customer KD0;KD0@company.com
GK82;Group Sales GK82;GK82@company.com;K52;Sales Customer K52;K52@company.com
GK30;Group Sales GK30;GK30@company.com;KB0;Sales Customer KB0;KB0@company.com
GK65;Group Sales GK65;GK65@company.com;KD0;Sales Customer KD0;KD0@company.com
GK93;Group Sales GK93;GK93@company.com;KA9;Sales Customer KA9;KA9@company.com
GK67;Group Sales GK67;GK67@company.com;K10;Sales Customer K10;K10@company.com
GK67;Group Sales GK67;GK67@company.com;KA6;Sales Customer KA6;KA6@company.com
GK93;Group Sales GK93;GK93@company.com;KB1;Sales Customer KB1;KB1@company.com
GK19;Group Sales GK19;GK19@company.com;KD0;Sales Customer KD0;KD0@company.com
GK26;Group Sales GK26;GK26@company.com;KB1;Sales Customer KB1;KB1@company.com
GK19;Group Sales GK19;GK19@company.com;KC4;Sales Customer KC4;KC4@company.com
GK19;Group Sales GK19;GK19@company.com;KA3;Sales Customer KA3;KA3@company.com
GK19;Group Sales GK19;GK19@company.com;KC2;Sales Customer KC2;KC2@company.com
GK19;Group Sales GK19;GK19@company.com;KA2;Sales Customer KA2;KA2@company.com
GK19;Group Sales GK19;GK19@company.com;KA5;Sales Customer KA5;KA5@company.com
GK96;Group Sales GK96;GK96@company.com;KC4;Sales Customer KC4;KC4@company.com
GK96;Group Sales GK96;GK96@company.com;KA2;Sales Customer KA2;KA2@company.com
GK79;Group Sales GK79;GK79@company.com;KC2;Sales Customer KC2;KC2@company.com
GK65;Group Sales GK65;GK65@company.com;KC4;Sales Customer KC4;KC4@company.com
GK65;Group Sales GK65;GK65@company.com;KE8;Sales Customer KE8;KE8@company.com
GK17;Group Sales GK17;GK17@company.com;KE8;Sales Customer KE8;KE8@company.com
GK17;Group Sales GK17;GK17@company.com;KA3;Sales Customer KA3;KA3@company.com
GK14;Group Sales GK14;GK14@company.com;KC2;Sales Customer KC2;KC2@company.com
GK19;Group Sales GK19;GK19@company.com;K16;Sales Customer K16;K16@company.com
GK19;Group Sales GK19;GK19@company.com;K26;Sales Customer K26;K26@company.com
GK19;Group Sales GK19;GK19@company.com;K27;Sales Customer K27;K27@company.com
GK19;Group Sales GK19;GK19@company.com;K30;Sales Customer K30;K30@company.com
GK19;Group Sales GK19;GK19@company.com;K67;Sales Customer K67;K67@company.com
GK19;Group Sales GK19;GK19@company.com;K90;Sales Customer K90;K90@company.com
GK96;Group Sales GK96;GK96@company.com;K27;Sales Customer K27;K27@company.com
GK14;Group Sales GK14;GK14@company.com;KD0;Sales Customer KD0;KD0@company.com
GK19;Group Sales GK19;GK19@company.com;K93;Sales Customer K93;K93@company.com
GK96;Group Sales GK96;GK96@company.com;K82;Sales Customer K82;K82@company.com
GK93;Group Sales GK93;GK93@company.com;K82;Sales Customer K82;K82@company.com
GK67;Group Sales GK67;GK67@company.com;K26;Sales Customer K26;K26@company.com
GKI0;Group Sales GKI0;GKI0@company.com;KI0;Sales Customer KI0;KI0@company.com
GKI1;Group Sales GKI1;GKI1@company.com;KI1;Sales Customer KI1;KI1@company.com
GKA1;Group Sales GKA1;GKA1@company.com;KA1;Sales Customer KA1;KA1@company.com
GKE0;Group Sales GKE0;GKE0@company.com;KE0;Sales Customer KE0;KE0@company.com
GKA7;Group Sales GKA7;GKA7@company.com;KA7;Sales Customer KA7;KA7@company.com
GK96;Group Sales GK96;GK96@company.com;K16;Sales Customer K16;K16@company.com
GKB7;Group Sales GKB7;GKB7@company.com;KB7;Sales Customer KB7;KB7@company.com
GK19;Group Sales GK19;GK19@company.com;KB7;Sales Customer KB7;KB7@company.com
GK96;Group Sales GK96;GK96@company.com;KB7;Sales Customer KB7;KB7@company.com
GK19;Group Sales GK19;GK19@company.com;K52;Sales Customer K52;K52@company.com
GK79;Group Sales GK79;GK79@company.com;K52;Sales Customer K52;K52@company.com
GK19;Group Sales GK19;GK19@company.com;KA8;Sales Customer KA8;KA8@company.com
GKE0;Group Sales GKE0;GKE0@company.com;KA3;Sales Customer KA3;KA3@company.com
GKE0;Group Sales GKE0;GKE0@company.com;KA5;Sales Customer KA5;KA5@company.com
GKE0;Group Sales GKE0;GKE0@company.com;KA2;Sales Customer KA2;KA2@company.com
GKE0;Group Sales GKE0;GKE0@company.com;KC4;Sales Customer KC4;KC4@company.com
GKE0;Group Sales GKE0;GKE0@company.com;KE8;Sales Customer KE8;KE8@company.com
GK19;Group Sales GK19;GK19@company.com;KE8;Sales Customer KE8;KE8@company.com
GK14;Group Sales GK14;GK14@company.com;KE0;Sales Customer KE0;KE0@company.com
GKA5;Group Sales GKA5;GKA5@company.com;KA3;Sales Customer KA3;KA3@company.com
GK96;Group Sales GK96;GK96@company.com;KE8;Sales Customer KE8;KE8@company.com
GK67;Group Sales GK67;GK67@company.com;KE8;Sales Customer KE8;KE8@company.com
GK30;Group Sales GK30;GK30@company.com;KE8;Sales Customer KE8;KE8@company.com
GKF0;Group Sales GKF0;GKF0@company.com;KF0;Sales Customer KF0;KF0@company.com
GKF1;Group Sales GKF1;GKF1@company.com;KF1;Sales Customer KF1;KF1@company.com
GK19;Group Sales GK19;GK19@company.com;KF1;Sales Customer KF1;KF1@company.com
GK67;Group Sales GK67;GK67@company.com;KF1;Sales Customer KF1;KF1@company.com
GK96;Group Sales GK96;GK96@company.com;KF1;Sales Customer KF1;KF1@company.com
GK30;Group Sales GK30;GK30@company.com;KF1;Sales Customer KF1;KF1@company.com
GKE0;Group Sales GKE0;GKE0@company.com;KF1;Sales Customer KF1;KF1@company.com
GKA5;Group Sales GKA5;GKA5@company.com;KC4;Sales Customer KC4;KC4@company.com
GK65;Group Sales GK65;GK65@company.com;KA2;Sales Customer KA2;KA2@company.com
GK17;Group Sales GK17;GK17@company.com;KA5;Sales Customer KA5;KA5@company.com
GK63;Group Sales GK63;GK63@company.com;KB7;Sales Customer KB7;KB7@company.com
GK20;Group Sales GK20;GK20@company.com;K20;Sales Customer K20;K20@company.com
GK28;Group Sales GK28;GK28@company.com;K28;Sales Customer K28;K28@company.com
GK19;Group Sales GK19;GK19@company.com;KE0;Sales Customer KE0;KE0@company.com
GK17;Group Sales GK17;GK17@company.com;KE0;Sales Customer KE0;KE0@company.com
GK65;Group Sales GK65;GK65@company.com;KE0;Sales Customer KE0;KE0@company.com
GK96;Group Sales GK96;GK96@company.com;KE0;Sales Customer KE0;KE0@company.com
GK67;Group Sales GK67;GK67@company.com;KE0;Sales Customer KE0;KE0@company.com
GK30;Group Sales GK30;GK30@company.com;KE0;Sales Customer KE0;KE0@company.com
GK29;Group Sales GK29;GK29@company.com;K29;Sales Customer K29;K29@company.com
GK19;Group Sales GK19;GK19@company.com;K29;Sales Customer K29;K29@company.com
GK65;Group Sales GK65;GK65@company.com;K29;Sales Customer K29;K29@company.com
GKE0;Group Sales GKE0;GKE0@company.com;K29;Sales Customer K29;K29@company.com
GK14;Group Sales GK14;GK14@company.com;K29;Sales Customer K29;K29@company.com
GKE0;Group Sales GKE0;GKE0@company.com;KC2;Sales Customer KC2;KC2@company.com
GK67;Group Sales GK67;GK67@company.com;KA5;Sales Customer KA5;KA5@company.com
GK30;Group Sales GK30;GK30@company.com;KA5;Sales Customer KA5;KA5@company.com
GKB8;Group Sales GKB8;GKB8@company.com;KB8;Sales Customer KB8;KB8@company.com
GKB8;Group Sales GKB8;GKB8@company.com;KB9;Sales Customer KB9;KB9@company.com
GKB9;Group Sales GKB9;GKB9@company.com;KB9;Sales Customer KB9;KB9@company.com
GK20;Group Sales GK20;GK20@company.com;KC2;Sales Customer KC2;KC2@company.com
GK20;Group Sales GK20;GK20@company.com;KD0;Sales Customer KD0;KD0@company.com
GK20;Group Sales GK20;GK20@company.com;KE0;Sales Customer KE0;KE0@company.com
GK20;Group Sales GK20;GK20@company.com;K29;Sales Customer K29;K29@company.com
GKF2;Group Sales GKF2;GKF2@company.com;KF2;Sales Customer KF2;KF2@company.com
GKF3;Group Sales GKF3;GKF3@company.com;KF3;Sales Customer KF3;KF3@company.com
GKA3;Group Sales GKA3;GKA3@company.com;KA5;Sales Customer KA5;KA5@company.com
GK65;Group Sales GK65;GK65@company.com;KF2;Sales Customer KF2;KF2@company.com
GK17;Group Sales GK17;GK17@company.com;KF2;Sales Customer KF2;KF2@company.com
GKE0;Group Sales GKE0;GKE0@company.com;KF2;Sales Customer KF2;KF2@company.com
GK65;Group Sales GK65;GK65@company.com;KB8;Sales Customer KB8;KB8@company.com
GK19;Group Sales GK19;GK19@company.com;KB8;Sales Customer KB8;KB8@company.com
GK14;Group Sales GK14;GK14@company.com;KB8;Sales Customer KB8;KB8@company.com
GK20;Group Sales GK20;GK20@company.com;KA3;Sales Customer KA3;KA3@company.com
GK65;Group Sales GK65;GK65@company.com;K14;Sales Customer K14;K14@company.com
GK97;Group Sales GK97;GK97@company.com;K97;Sales Customer K97;K97@company.com
GK20;Group Sales GK20;GK20@company.com;KA8;Sales Customer KA8;KA8@company.com
GK91;Group Sales GK91;GK91@company.com;K91;Sales Customer K91;K91@company.com
GKI2;Group Sales GKI2;GKI2@company.com;KI2;Sales Customer KI2;KI2@company.com
GK17;Group Sales GK17;GK17@company.com;K79;Sales Customer K79;K79@company.com
GK65;Group Sales GK65;GK65@company.com;KC2;Sales Customer KC2;KC2@company.com
GK96;Group Sales GK96;GK96@company.com;KC2;Sales Customer KC2;KC2@company.com
GK30;Group Sales GK30;GK30@company.com;KC2;Sales Customer KC2;KC2@company.com
GKF4;Group Sales GKF4;GKF4@company.com;KF4;Sales Customer KF4;KF4@company.com
GKE0;Group Sales GKE0;GKE0@company.com;KF4;Sales Customer KF4;KF4@company.com
GK30;Group Sales GK30;GK30@company.com;KA8;Sales Customer KA8;KA8@company.com
GK91;Group Sales GK91;GK91@company.com;KB1;Sales Customer KB1;KB1@company.com
GKF5;Group Sales GKF5;GKF5@company.com;KF5;Sales Customer KF5;KF5@company.com
GKF6;Group Sales GKF6;GKF6@company.com;KF6;Sales Customer KF6;KF6@company.com
GK65;Group Sales GK65;GK65@company.com;KI2;Sales Customer KI2;KI2@company.com
GK96;Group Sales GK96;GK96@company.com;KI2;Sales Customer KI2;KI2@company.com
GK65;Group Sales GK65;GK65@company.com;K97;Sales Customer K97;K97@company.com
GK65;Group Sales GK65;GK65@company.com;KF1;Sales Customer KF1;KF1@company.com
GK96;Group Sales GK96;GK96@company.com;KA3;Sales Customer KA3;KA3@company.com
GK91;Group Sales GK91;GK91@company.com;KC4;Sales Customer KC4;KC4@company.com
GK65;Group Sales GK65;GK65@company.com;KG1;Sales Customer KG1;KG1@company.com
GK91;Group Sales GK91;GK91@company.com;KF1;Sales Customer KF1;KF1@company.com
GK65;Group Sales GK65;GK65@company.com;KI3;Sales Customer KI3;KI3@company.com
GKI3;Group Sales GKI3;GKI3@company.com;KI3;Sales Customer KI3;KI3@company.com
GK91;Group Sales GK91;GK91@company.com;K52;Sales Customer K52;K52@company.com
GK96;Group Sales GK96;GK96@company.com;KA8;Sales Customer KA8;KA8@company.com
GK67;Group Sales GK67;GK67@company.com;KC4;Sales Customer KC4;KC4@company.com
GK65;Group Sales GK65;GK65@company.com;KF5 ;Sales Customer KF5 ;KF5 @company.com
GK30;Group Sales GK30;GK30@company.com;KA3;Sales Customer KA3;KA3@company.com
GK65;Group Sales GK65;GK65@company.com;KF4;Sales Customer KF4;KF4@company.com
GK65;Group Sales GK65;GK65@company.com;KF6;Sales Customer KF6;KF6@company.com
GK20;Group Sales GK20;GK20@company.com;KF7;Sales Customer KF7;KF7@company.com
GKF7;Group Sales GKF7;GKF7@company.com;KF7;Sales Customer KF7;KF7@company.com
GK96;Group Sales GK96;GK96@company.com;KF7;Sales Customer KF7;KF7@company.com
GKF8;Group Sales GKF8;GKF8@company.com;KF8;Sales Customer KF8;KF8@company.com
GK65;Group Sales GK65;GK65@company.com;KF0;Sales Customer KF0;KF0@company.com
GK17;Group Sales GK17;GK17@company.com;KF3;Sales Customer KF3;KF3@company.com
GK65;Group Sales GK65;GK65@company.com;KD1;Sales Customer KD1;KD1@company.com
GKF9;Group Sales GKF9;GKF9@company.com;KF9;Sales Customer KF9;KF9@company.com
GK96;Group Sales GK96;GK96@company.com;KF5 ;Sales Customer KF5 ;KF5 @company.com
GK96;Group Sales GK96;GK96@company.com;K14;Sales Customer K14;K14@company.com
